variable,category,description,feature_type,data_type,value_counts,n_unique,missing_values,mode_pct,gini_impurity,shannon_entropy
encounter_id,Identifiers,Unique identifier of an encounter,Identifier,Int64,,101766,0,9.82646463455378e-6,0.999990173535,16.63489611223
patient_nbr,Identifiers,Unique identifier of a patient,Identifier,Int64,,71518,0,0.00039305858538215123,0.999977801765,15.872908910611
race,Demographics,"Values: Caucasian, Asian, African American, Hispanic, and other",Nominal,String,"{""?"": 2273, ""AfricanAmerican"": 19210, ""Asian"": 641, ""Caucasian"": 76099, ""Hispanic"": 2037, ""Other"": 1506}",6,2273,0.7477841322249081,0.404027931023,1.139041889967
gender,Demographics,"Values: male, female, and unknown/invalid",Nominal,String,"{""Female"": 54708, ""Male"": 47055, ""Unknown/Invalid"": 3}",3,0,0.5375862272271682,0.497201812663,0.996373279342
age,Demographics,"Grouped in 10-year intervals: [0, 10), [10, 20),..., [90, 100)",Ordinal,Enum,"{""[0-10)"": 161, ""[10-20)"": 691, ""[20-30)"": 1657, ""[30-40)"": 3775, ""[40-50)"": 9685, ""[50-60)"": 17256, ""[60-70)"": 22483, ""[70-80)"": 26068, ""[80-90)"": 17197, ""[90-100)"": 2793}",10,0,0.25615628009354796,0.816765778197,2.654096524773
weight,Demographics,Weight in pounds.,Ordinal,Enum,"{""?"": 98569, ""[0-25)"": 48, ""[25-50)"": 97, ""[50-75)"": 897, ""[75-100)"": 1336, ""[100-125)"": 625, ""[125-150)"": 145, ""[150-175)"": 35, ""[175-200)"": 11, "">200"": 3}",10,98569,0.9685847925633315,0.061552448029,0.266032465192
admission_type_id,Admission Details,"Integer identifier corresponding to 9 distinct values, for example, emergency, urgent, elective, newborn, and not available",Nominal,String,"{""Elective"": 18869, ""Emergency"": 53990, ""NULL"": 5291, ""Newborn"": 10, ""Not Available"": 4785, ""Not Mapped"": 320, ""Trauma Center"": 21, ""Urgent"": 18480}",8,10396,0.5305308256195586,0.646258135317,1.842015893602
discharge_disposition_id,Admission Details,"Integer identifier corresponding to 29 distinct values, for example, discharged to home, expired, and not available",Nominal,String,"{""Admitted as an inpatient to this hospital"": 21, ""Discharged to home"": 60234, ""Discharged/transferred to ICF"": 815, ""Discharged/transferred to SNF"": 13954, ""Discharged/transferred to a federal health care facility"": 5, ""Discharged/transferred to a long term care hospital"": 412, ""Discharged/transferred to a nursing facility certified under Medicaid but not certified under Medicare"": 48, ""Discharged/transferred to another rehab fac including rehab units of a hospital"": 1993, ""Discharged/transferred to another short term hospital"": 2128, ""Discharged/transferred to another type of inpatient care institution"": 1184, ""Discharged/transferred to home under care of Home IV provider"": 108, ""Discharged/transferred to home with home health service"": 12902, ""Discharged/transferred within this institution to Medicare approved swing bed"": 63, ""Discharged/transferred/referred another institution for outpatient services"": 11, ""Discharged/transferred/referred to a psychiatric hospital of psychiatric distinct part unit of a hospital"": 139, ""Discharged/transferred/referred to this institution for outpatient services"": 14, ""Expired"": 1642, ""Expired at home. Medicaid only, hospice"": 8, ""Expired in a medical facility. Medicaid only, hospice"": 2, ""Hospice / home"": 399, ""Hospice / medical facility"": 372, ""Left AMA"": 623, ""NULL"": 3691, ""Neonate discharged to another hospital for neonatal aftercare"": 6, ""Not Mapped"": 989, ""Still patient or expected to return for outpatient services"": 3}",26,4680,0.5918872707977124,0.61201770024,2.094030128227
admission_source_id,Admission Details,"Integer identifier corresponding to 21 distinct values, for example, physician referral, emergency room, and transfer from a hospital",Nominal,String,"{""Clinic Referral"": 1104, ""Court/Law Enforcement"": 16, ""Emergency Room"": 57494, ""Extramural Birth"": 2, ""HMO Referral"": 187, ""NULL"": 6781, ""Normal Delivery"": 2, ""Not Available"": 125, ""Not Mapped"": 161, ""Physician Referral"": 29565, ""Sick Baby"": 1, ""Transfer from Ambulatory Surgery Center"": 2, ""Transfer from a Skilled Nursing Facility (SNF)"": 855, ""Transfer from a hospital"": 3187, ""Transfer from another health care facility"": 2264, ""Transfer from critial access hospital"": 8, ""Transfer from hospital inpt/same fac reslt in a sep claim"": 12}",17,7067,0.564962757699035,0.590304159232,1.700198306572
time_in_hospital,Admission Details,Integer number of days between admission and discharge,Discrete,Int64,"{1: 14208, 2: 17224, 3: 17756, 4: 13924, 5: 9966, 6: 7539, 7: 5859, 8: 4391, 9: 3002, 10: 2342, 11: 1855, 12: 1448, 13: 1210, 14: 1042}",14,0,0.1744787060511369,0.880262689744,3.31313327258
payer_code,Healthcare Provider,"Integer identifier corresponding to 23 distinct values, for example, Blue Cross/Blue Shield, Medicare, and self-pay",Nominal,String,"{""?"": 40256, ""BC"": 4655, ""CH"": 146, ""CM"": 1937, ""CP"": 2533, ""DM"": 549, ""FR"": 1, ""HM"": 6274, ""MC"": 32439, ""MD"": 3532, ""MP"": 79, ""OG"": 1033, ""OT"": 95, ""PO"": 592, ""SI"": 55, ""SP"": 5007, ""UN"": 2448, ""WC"": 135}",18,40256,0.395574160328597,0.730662115978,2.460009844355
medical_specialty,Healthcare Provider,"Integer identifier of a specialty of the admitting physician, corresponding to 84 distinct values, for example, cardiology, internal medicine, family/general practice, and surgeon",Nominal,String,"{""?"": 49949, ""AllergyandImmunology"": 7, ""Anesthesiology"": 12, ""Anesthesiology-Pediatric"": 19, ""Cardiology"": 5352, ""Cardiology-Pediatric"": 7, ""DCPTEAM"": 6, ""Dentistry"": 4, ""Dermatology"": 1, ""Emergency/Trauma"": 7565, ""Endocrinology"": 120, ""Endocrinology-Metabolism"": 8, ""Family/GeneralPractice"": 7440, ""Gastroenterology"": 564, ""Gynecology"": 58, ""Hematology"": 82, ""Hematology/Oncology"": 207, ""Hospitalist"": 57, ""InfectiousDiseases"": 37, ""InternalMedicine"": 14635, ""Nephrology"": 1613, ""Neurology"": 203, ""Neurophysiology"": 1, ""Obsterics&Gynecology-GynecologicOnco"": 25, ""Obstetrics"": 19, ""ObstetricsandGynecology"": 671, ""Oncology"": 348, ""Ophthalmology"": 38, ""Orthopedics"": 1400, ""Orthopedics-Reconstructive"": 1233, ""Osteopath"": 39, ""Otolaryngology"": 125, ""OutreachServices"": 12, ""Pathology"": 17, ""Pediatrics"": 254, ""Pediatrics-AllergyandImmunology"": 3, ""Pediatrics-CriticalCare"": 87, ""Pediatrics-EmergencyMedicine"": 3, ""Pediatrics-Endocrinology"": 159, ""Pediatrics-Hematology-Oncology"": 4, ""Pediatrics-InfectiousDiseases"": 1, ""Pediatrics-Neurology"": 10, ""Pediatrics-Pulmonology"": 25, ""Perinatology"": 1, ""PhysicalMedicineandRehabilitation"": 391, ""PhysicianNotFound"": 11, ""Podiatry"": 100, ""Proctology"": 1, ""Psychiatry"": 854, ""Psychiatry-Addictive"": 1, ""Psychiatry-Child/Adolescent"": 7, ""Psychology"": 101, ""Pulmonology"": 871, ""Radiologist"": 1140, ""Radiology"": 53, ""Resident"": 2, ""Rheumatology"": 17, ""Speech"": 1, ""SportsMedicine"": 1, ""Surgeon"": 45, ""Surgery-Cardiovascular"": 98, ""Surgery-Cardiovascular/Thoracic"": 652, ""Surgery-Colon&Rectal"": 11, ""Surgery-General"": 3099, ""Surgery-Maxillofacial"": 11, ""Surgery-Neuro"": 468, ""Surgery-Pediatric"": 8, ""Surgery-Plastic"": 41, ""Surgery-PlasticwithinHeadandNeck"": 1, ""Surgery-Thoracic"": 109, ""Surgery-Vascular"": 533, ""SurgicalSpecialty"": 33, ""Urology"": 685}",73,49949,0.49082208203132677,0.72272890709,2.832189475358
num_lab_procedures,Clinical Metrics,Number of lab tests performed during the encounter,Discrete,Int64,"{1: 3208, 2: 1101, 3: 668, 4: 378, 5: 286, 6: 282, 7: 323, 8: 366, 9: 933, 10: 838, 11: 689, 12: 506, 13: 404, 14: 336, 15: 461, 16: 544, 17: 743, 18: 730, 19: 977, 20: 763, 21: 676, 22: 694, 23: 836, 24: 744, 25: 1048, 26: 1094, 27: 831, 28: 1048, 29: 1340, 30: 1354, 31: 1311, 32: 1336, 33: 1297, 34: 1677, 35: 1907, 36: 1962, 37: 2079, 38: 2213, 39: 2101, 40: 2201, 41: 2117, 42: 2113, 43: 2804, 44: 2496, 45: 2376, 46: 2189, 47: 2106, 48: 2058, 49: 2066, 50: 1924, 51: 1925, 52: 1838, 53: 1802, 54: 1888, 55: 1836, 56: 1839, 57: 1747, 58: 1708, 59: 1624, 60: 1610, 61: 1638, 62: 1444, 63: 1450, 64: 1324, 65: 1238, 66: 1212, 67: 1093, 68: 1043, 69: 991, 70: 826, 71: 798, 72: 749, 73: 661, 74: 612, 75: 526, 76: 465, 77: 421, 78: 357, 79: 334, 80: 293, 81: 283, 82: 225, 83: 230, 84: 160, 85: 156, 86: 128, 87: 91, 88: 102, 89: 73, 90: 65, 91: 61, 92: 48, 93: 56, 94: 45, 95: 46, 96: 28, 97: 31, 98: 26, 99: 9, 100: 13, 101: 13, 102: 8, 103: 6, 104: 3, 105: 6, 106: 5, 107: 1, 108: 4, 109: 4, 111: 3, 113: 3, 114: 2, 118: 1, 120: 1, 121: 1, 126: 1, 129: 1, 132: 1}",118,0,0.03152329854764853,0.984270171106,6.19384760614
num_procedures,Clinical Metrics,Number of procedures (other than lab tests) performed during the encounter,Discrete,Int64,"{0: 46652, 1: 20742, 2: 12717, 3: 9443, 4: 4180, 5: 3078, 6: 4954}",7,0,0.458424228131203,0.719106694711,2.230835748604
num_medications,Clinical Metrics,Number of distinct generic names administered during the encounter,Discrete,Int64,"{1: 262, 2: 470, 3: 900, 4: 1417, 5: 2017, 6: 2699, 7: 3484, 8: 4353, 9: 4913, 10: 5346, 11: 5795, 12: 6004, 13: 6086, 14: 5707, 15: 5792, 16: 5430, 17: 4919, 18: 4523, 19: 4078, 20: 3691, 21: 3230, 22: 2868, 23: 2426, 24: 2109, 25: 1888, 26: 1608, 27: 1432, 28: 1233, 29: 1000, 30: 849, 31: 712, 32: 623, 33: 504, 34: 453, 35: 388, 36: 287, 37: 293, 38: 228, 39: 209, 40: 179, 41: 146, 42: 128, 43: 127, 44: 100, 45: 88, 46: 92, 47: 74, 48: 60, 49: 61, 50: 55, 51: 43, 52: 54, 53: 40, 54: 33, 55: 32, 56: 37, 57: 26, 58: 25, 59: 20, 60: 23, 61: 14, 62: 15, 63: 14, 64: 8, 65: 12, 66: 5, 67: 7, 68: 7, 69: 5, 70: 2, 72: 3, 74: 1, 75: 2, 79: 1, 81: 1}",75,0,0.059803863765894305,0.959658746912,4.913138405982
number_outpatient,Clinical Metrics,Number of outpatient visits of the patient in the year preceding the encounter,Discrete,Int64,"{0: 85027, 1: 8547, 2: 3594, 3: 2042, 4: 1099, 5: 533, 6: 303, 7: 155, 8: 98, 9: 83, 10: 57, 11: 42, 12: 30, 13: 31, 14: 28, 15: 20, 16: 15, 17: 8, 18: 5, 19: 3, 20: 7, 21: 7, 22: 5, 23: 2, 24: 3, 25: 2, 26: 2, 27: 3, 28: 1, 29: 2, 33: 2, 34: 1, 35: 2, 36: 2, 37: 1, 38: 1, 39: 1, 40: 1, 42: 1}",39,0,0.8355148084822043,0.293053691713,1.002017528817
number_emergency,Clinical Metrics,Number of emergency visits of the patient in the year preceding the encounter,Discrete,Int64,"{0: 90383, 1: 7677, 2: 2042, 3: 725, 4: 374, 5: 192, 6: 94, 7: 73, 8: 50, 9: 33, 10: 34, 11: 23, 12: 10, 13: 12, 14: 3, 15: 3, 16: 5, 18: 5, 19: 4, 20: 4, 21: 2, 22: 6, 24: 1, 25: 2, 28: 1, 29: 1, 37: 1, 42: 1, 46: 1, 54: 1, 63: 1, 64: 1, 76: 1}",33,0,0.8881453530648743,0.205034609501,0.685960151233
number_inpatient,Clinical Metrics,Number of inpatient visits of the patient in the year preceding the encounter,Discrete,Int64,"{0: 67630, 1: 19521, 2: 7566, 3: 3411, 4: 1622, 5: 812, 6: 480, 7: 268, 8: 151, 9: 111, 10: 61, 11: 49, 12: 34, 13: 20, 14: 10, 15: 9, 16: 6, 17: 1, 18: 1, 19: 2, 21: 1}",21,0,0.6645638032348722,0.514557130536,1.548300266333
diag_1,Diagnoses,The primary diagnosis (coded as first three digits of ICD9); 848 distinct values,Nominal,String,,717,21,0.06742920032230804,0.980196876628,6.841681922191
diag_2,Diagnoses,Secondary diagnosis (coded as first three digits of ICD9); 923 distinct values,Nominal,String,,749,358,0.06634828921250713,0.97551255538,6.555821012635
diag_3,Diagnoses,Additional secondary diagnosis (coded as first three digits of ICD9); 954 distinct values,Nominal,String,,790,1423,0.11354479885226892,0.968029952167,6.492582360496
number_diagnoses,Clinical Metrics,Number of diagnoses entered to the system,Discrete,Int64,"{1: 219, 2: 1023, 3: 2835, 4: 5537, 5: 11393, 6: 10161, 7: 10393, 8: 10616, 9: 49474, 10: 17, 11: 11, 12: 9, 13: 16, 14: 7, 15: 10, 16: 45}",16,0,0.4861545113299137,0.715996578968,2.339837948601
max_glu_serum,Laboratory Results,"Indicates the range of the result or if the test was not taken. Values: >200, >300, normal, and none if not measured",Nominal,Enum,"{""None"": 96420, ""Norm"": 2597, "">200"": 1485, "">300"": 1264}",4,0,0.9474677200636755,0.101286475505,0.376446557587
A1Cresult,Laboratory Results,"Indicates the range of the result or if the test was not taken. Values: >8 if the result was greater than 8%, >7 if the result was greater than 7% but less than 8%, normal if the result was less than 7%, and none if not measured.",Nominal,Enum,"{""None"": 84748, ""Norm"": 4990, "">7"": 3812, "">8"": 8216}",4,0,0.8327732248491637,0.296163262667,0.903776714263
metformin,Medications,"The feature indicates whether the drug was prescribed or there was a change in the dosage. Values: up if the dosage was increased during the encounter, down if the dosage was decreased, steady if the dosage did not change, and no if the drug was not prescribed",Ordinal,Enum,"{""No"": 81778, ""Down"": 575, ""Steady"": 18346, ""Up"": 1067}",4,0,0.8035886248845391,0.32160391356,0.810237592886
repaglinide,Medications,"The feature indicates whether the drug was prescribed or there was a change in the dosage. Values: up if the dosage was increased during the encounter, down if the dosage was decreased, steady if the dosage did not change, and no if the drug was not prescribed",Ordinal,Enum,"{""No"": 100227, ""Down"": 45, ""Steady"": 1384, ""Up"": 110}",4,0,0.9848770709274217,0.029830835964,0.121552682669
nateglinide,Medications,"The feature indicates whether the drug was prescribed or there was a change in the dosage. Values: up if the dosage was increased during the encounter, down if the dosage was decreased, steady if the dosage did not change, and no if the drug was not prescribed",Ordinal,Enum,"{""No"": 101063, ""Down"": 11, ""Steady"": 668, ""Up"": 24}",4,0,0.9930919953619087,0.013725134321,0.061794981343
chlorpropamide,Medications,"The feature indicates whether the drug was prescribed or there was a change in the dosage. Values: up if the dosage was increased during the encounter, down if the dosage was decreased, steady if the dosage did not change, and no if the drug was not prescribed",Ordinal,Enum,"{""No"": 101680, ""Down"": 1, ""Steady"": 79, ""Up"": 6}",4,0,0.9991549240414284,0.001688831564,0.010230449711
glimepiride,Medications,"The feature indicates whether the drug was prescribed or there was a change in the dosage. Values: up if the dosage was increased during the encounter, down if the dosage was decreased, steady if the dosage did not change, and no if the drug was not prescribed",Ordinal,Enum,"{""No"": 96575, ""Down"": 194, ""Steady"": 4670, ""Up"": 327}",4,0,0.9489908220820313,0.097296606037,0.319526953072
acetohexamide,Medications,"The feature indicates whether the drug was prescribed or there was a change in the dosage. Values: up if the dosage was increased during the encounter, down if the dosage was decreased, steady if the dosage did not change, and no if the drug was not prescribed",Ordinal,Enum,"{""No"": 101765, ""Down"": 0, ""Steady"": 1, ""Up"": 0}",2,0,0.9999901735353655,0.000019652736,0.00017763874
glipizide,Medications,"The feature indicates whether the drug was prescribed or there was a change in the dosage. Values: up if the dosage was increased during the encounter, down if the dosage was decreased, steady if the dosage did not change, and no if the drug was not prescribed",Ordinal,Enum,"{""No"": 89080, ""Down"": 560, ""Steady"": 11356, ""Up"": 770}",4,0,0.8753414696460508,0.221237601312,0.61579200774
glyburide,Medications,"The feature indicates whether the drug was prescribed or there was a change in the dosage. Values: up if the dosage was increased during the encounter, down if the dosage was decreased, steady if the dosage did not change, and no if the drug was not prescribed",Ordinal,Enum,"{""No"": 91116, ""Down"": 564, ""Steady"": 9274, ""Up"": 812}",4,0,0.8953481516420022,0.189952514049,0.554880588201
tolbutamide,Medications,"The feature indicates whether the drug was prescribed or there was a change in the dosage. Values: up if the dosage was increased during the encounter, down if the dosage was decreased, steady if the dosage did not change, and no if the drug was not prescribed",Ordinal,Enum,"{""No"": 101743, ""Down"": 0, ""Steady"": 23, ""Up"": 0}",2,0,0.9997739913134053,0.000451915213,0.003063291488
pioglitazone,Medications,"The feature indicates whether the drug was prescribed or there was a change in the dosage. Values: up if the dosage was increased during the encounter, down if the dosage was decreased, steady if the dosage did not change, and no if the drug was not prescribed",Ordinal,Enum,"{""No"": 94438, ""Down"": 118, ""Steady"": 6976, ""Up"": 234}",4,0,0.9279916671579899,0.134125811374,0.396574475695
rosiglitazone,Medications,"The feature indicates whether the drug was prescribed or there was a change in the dosage. Values: up if the dosage was increased during the encounter, down if the dosage was decreased, steady if the dosage did not change, and no if the drug was not prescribed",Ordinal,Enum,"{""No"": 95401, ""Down"": 87, ""Steady"": 6100, ""Up"": 178}",4,0,0.9374545526010651,0.117582196019,0.355465275179
acarbose,Medications,"The feature indicates whether the drug was prescribed or there was a change in the dosage. Values: up if the dosage was increased during the encounter, down if the dosage was decreased, steady if the dosage did not change, and no if the drug was not prescribed",Ordinal,Enum,"{""No"": 101458, ""Down"": 3, ""Steady"": 295, ""Up"": 10}",4,0,0.9969734488925575,0.006035528596,0.030549518657
miglitol,Medications,"The feature indicates whether the drug was prescribed or there was a change in the dosage. Values: up if the dosage was increased during the encounter, down if the dosage was decreased, steady if the dosage did not change, and no if the drug was not prescribed",Ordinal,Enum,"{""No"": 101728, ""Down"": 5, ""Steady"": 31, ""Up"": 2}",4,0,0.999626594343887,0.000746576287,0.005107290263
troglitazone,Medications,"The feature indicates whether the drug was prescribed or there was a change in the dosage. Values: up if the dosage was increased during the encounter, down if the dosage was decreased, steady if the dosage did not change, and no if the drug was not prescribed",Ordinal,Enum,"{""No"": 101763, ""Down"": 0, ""Steady"": 3, ""Up"": 0}",2,0,0.9999705206060964,0.00005895705,0.00048619207
tolazamide,Medications,"The feature indicates whether the drug was prescribed or there was a change in the dosage. Values: up if the dosage was increased during the encounter, down if the dosage was decreased, steady if the dosage did not change, and no if the drug was not prescribed",Ordinal,Enum,"{""No"": 101727, ""Down"": 0, ""Steady"": 38, ""Up"": 1}",3,0,0.9996167678792524,0.000766177846,0.004968201824
examide,Medications,"The feature indicates whether the drug was prescribed or there was a change in the dosage. Values: up if the dosage was increased during the encounter, down if the dosage was decreased, steady if the dosage did not change, and no if the drug was not prescribed",Ordinal,Enum,"{""No"": 101766, ""Down"": 0, ""Steady"": 0, ""Up"": 0}",1,0,1.0,0.0,0.0
citoglipton,Medications,"The feature indicates whether the drug was prescribed or there was a change in the dosage. Values: up if the dosage was increased during the encounter, down if the dosage was decreased, steady if the dosage did not change, and no if the drug was not prescribed",Ordinal,Enum,"{""No"": 101766, ""Down"": 0, ""Steady"": 0, ""Up"": 0}",1,0,1.0,0.0,0.0
insulin,Medications,"The feature indicates whether the drug was prescribed or there was a change in the dosage. Values: up if the dosage was increased during the encounter, down if the dosage was decreased, steady if the dosage did not change, and no if the drug was not prescribed",Ordinal,Enum,"{""No"": 47383, ""Down"": 12218, ""Steady"": 30849, ""Up"": 11316}",4,0,0.46560737377906175,0.664539017014,1.754992251904
glyburide-metformin,Medications,"The feature indicates whether the drug was prescribed or there was a change in the dosage. Values: up if the dosage was increased during the encounter, down if the dosage was decreased, steady if the dosage did not change, and no if the drug was not prescribed",Ordinal,Enum,"{""No"": 101060, ""Down"": 6, ""Steady"": 692, ""Up"": 8}",4,0,0.993062515968005,0.013780590899,0.060835304375
glipizide-metformin,Medications,"The feature indicates whether the drug was prescribed or there was a change in the dosage. Values: up if the dosage was increased during the encounter, down if the dosage was decreased, steady if the dosage did not change, and no if the drug was not prescribed",Ordinal,Enum,"{""No"": 101753, ""Down"": 0, ""Steady"": 13, ""Up"": 0}",2,0,0.9998722559597508,0.000255455443,0.00183658364
glimepiride-pioglitazone,Medications,"The feature indicates whether the drug was prescribed or there was a change in the dosage. Values: up if the dosage was increased during the encounter, down if the dosage was decreased, steady if the dosage did not change, and no if the drug was not prescribed",Ordinal,Enum,"{""No"": 101765, ""Down"": 0, ""Steady"": 1, ""Up"": 0}",2,0,0.9999901735353655,0.000019652736,0.00017763874
metformin-rosiglitazone,Medications,"The feature indicates whether the drug was prescribed or there was a change in the dosage. Values: up if the dosage was increased during the encounter, down if the dosage was decreased, steady if the dosage did not change, and no if the drug was not prescribed",Ordinal,Enum,"{""No"": 101764, ""Down"": 0, ""Steady"": 2, ""Up"": 0}",2,0,0.9999803470707309,0.000039305086,0.000335624412
metformin-pioglitazone,Medications,"The feature indicates whether the drug was prescribed or there was a change in the dosage. Values: up if the dosage was increased during the encounter, down if the dosage was decreased, steady if the dosage did not change, and no if the drug was not prescribed",Ordinal,Enum,"{""No"": 101765, ""Down"": 0, ""Steady"": 1, ""Up"": 0}",2,0,0.9999901735353655,0.000019652736,0.00017763874
change,Treatment Changes,Indicates if there was a change in diabetic medications (either dosage or generic name). Values: change and no change,Boolean,String,"{""Ch"": 47011, ""No"": 54755}",2,0,0.5380480710649922,0.497104688576,0.995818907913
diabetesMed,Treatment Changes,Indicates if there was any diabetic medication prescribed. Values: yes and no,Boolean,String,"{""No"": 23403, ""Yes"": 78363}",2,0,0.7700312481575379,0.354166250037,0.777956827013
readmitted,Target Variables,"Days to inpatient readmission. Values: <30 if the patient was readmitted in less than 30 days, >30 if the patient was readmitted in more than 30 days, and No for no record of readmission.",Ordinal,Enum,"{""NO"": 54864, "">30"": 35545, ""<30"": 11357}",3,0,0.5391191557101586,0.574898467909,1.363633031851
diag_1b,Diagnoses,diag_1 recategorized to broader ICD9 classifications,Nominal,String,"{""?"": 21, ""Blood"": 1103, ""Circulatory"": 30336, ""Congenital"": 51, ""Dermatology"": 2530, ""Diabetes mellitus"": 8757, ""Digestive"": 9208, ""External Injury"": 1, ""Genitourinary"": 5078, ""Infections"": 2768, ""Injury/Poisoning"": 6974, ""Mental"": 2262, ""Musculoskeletal"": 4957, ""Neoplasms"": 3433, ""Nervous"": 1211, ""Other Endocrine/Metabolic/Immunity"": 2702, ""Pregnancy/Childbirth"": 687, ""Respiratory"": 10407, ""Supplemental classification"": 1644, ""Symptoms/Signs/Ill-defined"": 7636}",20,21,0.2980956311538235,0.865639467577,3.448394812378
diag_2b,Diagnoses,diag_2 recategorized to broader ICD9 classifications,Nominal,String,"{""?"": 358, ""Blood"": 2926, ""Circulatory"": 31365, ""Congenital"": 108, ""Dermatology"": 3596, ""Diabetes mellitus"": 12794, ""Digestive"": 3962, ""External Injury"": 731, ""Genitourinary"": 7987, ""Infections"": 1931, ""Injury/Poisoning"": 2428, ""Mental"": 2657, ""Musculoskeletal"": 1764, ""Neoplasms"": 2547, ""Nervous"": 1286, ""Other Endocrine/Metabolic/Immunity"": 8223, ""Pregnancy/Childbirth"": 415, ""Respiratory"": 10251, ""Supplemental classification"": 1805, ""Symptoms/Signs/Ill-defined"": 4632}",20,358,0.3082070632627793,0.857610711997,3.431825819672
diag_3b,Diagnoses,diag_3 recategorized to broader ICD9 classifications,Nominal,String,"{""?"": 1423, ""Blood"": 2490, ""Circulatory"": 29918, ""Congenital"": 96, ""Dermatology"": 2488, ""Diabetes mellitus"": 17157, ""Digestive"": 3572, ""External Injury"": 1244, ""Genitourinary"": 6327, ""Infections"": 1861, ""Injury/Poisoning"": 1946, ""Mental"": 3136, ""Musculoskeletal"": 1915, ""Neoplasms"": 1856, ""Nervous"": 1766, ""Other Endocrine/Metabolic/Immunity"": 9151, ""Pregnancy/Childbirth"": 309, ""Respiratory"": 6774, ""Supplemental classification"": 3814, ""Symptoms/Signs/Ill-defined"": 4523}",20,1423,0.29398816893658,0.859964300234,3.465635913557
